,precision,recall,f1-score,support,pred,AUC
0,0.8023255813953488,0.9324324324324325,0.8625,74.0,86.0,0.9889077939925397
1,0.859375,0.9016393442622951,0.88,61.0,64.0,0.9912260447933502
2,0.7380952380952381,0.7380952380952381,0.7380952380952381,42.0,42.0,0.97223113964687
3,0.8873239436619719,0.9130434782608695,0.9,69.0,71.0,0.9955966992580265
4,0.7843137254901961,0.9302325581395349,0.851063829787234,43.0,51.0,0.9864341085271318
5,0.7611940298507462,0.8225806451612904,0.7906976744186047,62.0,67.0,0.9668121442125237
6,0.7352941176470589,0.8620689655172413,0.7936507936507937,58.0,68.0,0.9603327706775984
7,0.7631578947368421,0.3717948717948718,0.5000000000000001,78.0,38.0,0.8789260861388
avg / total,0.7948916114902662,0.7967145790554415,0.7828660092947651,487.0,487.0,0.9739064910314104
