,precision,recall,f1-score,support,pred,AUC
0,0.7894736842105263,0.8333333333333334,0.8108108108108109,36.0,38.0,0.9624524714828897
1,0.8,0.8888888888888888,0.8421052631578948,36.0,40.0,0.9672581326573721
2,0.8095238095238095,0.68,0.7391304347826089,25.0,21.0,0.9372262773722629
3,0.9019607843137255,0.92,0.9108910891089109,50.0,51.0,0.9830120481927711
4,0.8333333333333334,0.5263157894736842,0.6451612903225806,19.0,12.0,0.9304511278195489
5,0.6486486486486487,0.75,0.6956521739130435,32.0,37.0,0.9501404494382022
6,0.8205128205128205,0.8648648648648649,0.8421052631578947,37.0,39.0,0.983804415102125
7,0.6557377049180327,0.625,0.64,64.0,61.0,0.8555186170212766
avg / total,0.7741587446460836,0.7725752508361204,0.7697813471775006,299.0,299.0,0.9547640087119512
