,precision,recall,f1-score,support,pred,AUC
0,0.9411764705882353,0.8421052631578947,0.8888888888888888,19.0,17.0,0.9950213371266003
1,0.5882352941176471,0.625,0.6060606060606061,16.0,17.0,0.9356374172185431
2,0.8571428571428571,0.46153846153846156,0.6,13.0,7.0,0.791958041958042
3,0.8571428571428571,1.0,0.923076923076923,30.0,35.0,0.9922141119221412
4,0.6666666666666666,0.6666666666666666,0.6666666666666666,9.0,9.0,0.9750351617440225
5,0.8571428571428571,0.8571428571428571,0.8571428571428571,14.0,14.0,0.927170868347339
6,0.625,0.5263157894736842,0.5714285714285714,19.0,16.0,0.8577524893314367
7,0.6346153846153846,0.7021276595744681,0.6666666666666666,47.0,52.0,0.8304078014184397
avg / total,0.7416358298270943,0.7365269461077845,0.7321475596924699,167.0,167.0,0.9270680196493242
