,precision,recall,f1-score,support,pred,AUC
0,0.8440860215053764,0.8820224719101124,0.8626373626373626,178.0,186.0,0.9793268283067219
1,0.8099173553719008,0.9074074074074074,0.8558951965065502,108.0,121.0,0.9785342371549268
2,0.7571428571428571,0.6625,0.7066666666666666,80.0,70.0,0.9359015345268542
3,0.8390804597701149,0.8795180722891566,0.8588235294117647,83.0,87.0,0.9924524800098984
4,0.8117647058823529,0.8214285714285714,0.8165680473372781,84.0,85.0,0.9750734484024972
5,0.7202797202797203,0.8046875,0.7601476014760147,128.0,143.0,0.9643168852179836
6,0.6770833333333334,0.6842105263157895,0.6806282722513088,95.0,96.0,0.9403554518630344
7,0.581081081081081,0.4056603773584906,0.4777777777777778,106.0,74.0,0.8026791953678747
avg / total,0.7589733685518023,0.7668213457076566,0.7598567950350903,862.0,862.0,0.9588889948451428
