,precision,recall,f1-score,support,pred,AUC
0,0.911504424778761,0.9196428571428571,0.9155555555555556,112.0,113.0,0.9909200968523002
1,0.8131868131868132,0.9024390243902439,0.8554913294797688,82.0,91.0,0.9822833789835224
2,0.717391304347826,0.5892857142857143,0.6470588235294118,56.0,46.0,0.956497931370163
3,0.8372093023255814,0.935064935064935,0.8834355828220859,77.0,86.0,0.9939883438116656
4,0.7301587301587301,0.7540983606557377,0.7419354838709677,61.0,63.0,0.975297166356825
5,0.7211538461538461,0.8333333333333334,0.7731958762886597,90.0,104.0,0.9579365079365079
6,0.7746478873239436,0.7432432432432432,0.7586206896551724,74.0,71.0,0.9389398185531753
7,0.5362318840579711,0.4065934065934066,0.4625,91.0,69.0,0.794204889313585
avg / total,0.7604563256358691,0.7698289269051322,0.7620893773734091,643.0,643.0,0.9606557105160318
