,precision,recall,f1-score,support,pred,AUC
0,0.8642857142857143,0.8897058823529411,0.8768115942028986,136.0,140.0,0.9760013301803133
1,0.8617021276595744,0.8526315789473684,0.8571428571428572,95.0,94.0,0.9674311169773965
2,0.7962962962962963,0.6615384615384615,0.7226890756302522,65.0,54.0,0.9494702901888532
3,0.8846153846153846,0.8625,0.8734177215189874,80.0,78.0,0.9911753445635528
4,0.8076923076923077,0.863013698630137,0.8344370860927152,73.0,78.0,0.9885014528850146
5,0.7521367521367521,0.8461538461538461,0.7963800904977375,104.0,117.0,0.9669194080958787
6,0.7078651685393258,0.7590361445783133,0.7325581395348838,83.0,89.0,0.9552734012974976
7,0.5421686746987951,0.4639175257731959,0.5,97.0,83.0,0.8523552486546068
avg / total,0.7782537249895151,0.781718963165075,0.7783941584660017,733.0,733.0,0.964593143939827
